neutral,negative,positive
0.9993638396263123,0.8634016513824463,0.9995927214622498,0.9991804361343384,0.8267217874526978,0.754925012588501,1.0000100135803223,1.0000100135803223,0.8596737384796143,1.0000100135803223,1.0000100135803223,0.8634016513824463,1.0000100135803223,0.9993638396263123,0.8267217874526978,0.9976868629455566,0.9995927214622498,0.9947898983955383,0.9991804361343384,1.0000100135803223
0,0,1.0000003385357559e-05,0,0.01206377986818552,0,1.0000003385357559e-05,1.0000003385357559e-05,0,0,1.0000003385357559e-05,0,0,0,0.01206377986818552,0,1.0000003385357559e-05,0,0,0
0.008857354521751404,0.014513582922518253,0,0,0,0,0,0,0,0,0,0.014513582922518253,0,0.008857354521751404,0,0.01972912810742855,0,0.10088862478733063,0,0
